,season,player,league,position,age
0,2014-2015,Steven Gerrard,9,Midfielder,34.6
1,2014-2015,Raheem Sterling,7,Midfielder,20.1
2,2014-2015,Jordan Henderson,6,Midfielder,24.6
3,2014-2015,Philippe Coutinho,5,Midfielder,22.6
4,2014-2015,Adam Lallana,5,Midfielder,26.7
5,2014-2015,Daniel Sturridge,4,Striker,25.4
6,2014-2015,Lazar Markovic,2,Midfielder,20.8
7,2014-2015,Rickie Lambert,2,Striker,32.9
8,2014-2015,Alberto Moreno,2,Defender,22.5
9,2014-2015,Mario Balotelli,1,Striker,24.4
10,2014-2015,Emre Can,1,Midfielder,21.0
11,2014-2015,Glen Johnson,1,Defender,30.4
12,2014-2015,Martin Skrtel,1,Defender,30.1
13,2014-2015,Fabio Borini,1,Striker,23.8
14,2014-2015,Joe Allen,1,Midfielder,24.8
15,2013-2014,Luis Suarez,31,Striker,27.0
16,2013-2014,Daniel Sturridge,21,Striker,24.4
17,2013-2014,Steven Gerrard,13,Midfielder,33.6
18,2013-2014,Raheem Sterling,9,Midfielder,19.1
19,2013-2014,Martin Skrtel,7,Defender,29.1
20,2013-2014,Philippe Coutinho,5,Midfielder,21.6
21,2013-2014,Jordan Henderson,4,Midfielder,23.6
22,2013-2014,Daniel Agger,2,Defender,29.1
23,2013-2014,Victor Moses,1,Midfielder,23.1
24,2013-2014,Joe Allen,1,Midfielder,23.8
25,2013-2014,Jon Flanagan,1,Defender,21.0
26,2013-2014,Mamadou Sakho,1,Defender,23.9
27,2012-2013,Luis Suarez,23,Striker,26.0
28,2012-2013,Daniel Sturridge,10,Striker,23.4
29,2012-2013,Steven Gerrard,9,Midfielder,32.6
30,2012-2013,Jordan Henderson,5,Midfielder,22.6
31,2012-2013,Stewart Downing,3,Midfielder,28.5
32,2012-2013,Daniel Agger,3,Defender,28.1
33,2012-2013,Philippe Coutinho,3,Midfielder,20.6
34,2012-2013,Raheem Sterling,2,Midfielder,18.1
35,2012-2013,Martin Skrtel,2,Defender,28.1
36,2012-2013,Jose Enrique,2,Defender,27.0
37,2012-2013,Jonjo Shelvey,1,Midfielder,20.9
38,2012-2013,Nuri Sahin,1,Midfielder,24.3
39,2012-2013,Fabio Borini,1,Striker,21.8
40,2012-2013,Joe Cole,1,Midfielder,31.2
41,2012-2013,Glen Johnson,1,Defender,28.4
42,2011-2012,Luis Suarez,11,Striker,25.0
43,2011-2012,Craig Bellamy,6,Striker,32.5
44,2011-2012,Steven Gerrard,5,Midfielder,31.6
45,2011-2012,Andy Carroll,4,Striker,23.0
46,2011-2012,Maxi Rodriguez,4,Midfielder,31.0
47,2011-2012,Dirk Kuyt,2,Striker,31.5
48,2011-2012,Martin Skrtel,2,Defender,27.1
49,2011-2012,Jordan Henderson,2,Midfielder,21.6
50,2011-2012,Charlie Adam,2,Midfielder,26.1
51,2011-2012,Jonjo Shelvey,1,Midfielder,19.9
52,2011-2012,Daniel Agger,1,Defender,27.1
53,2011-2012,Glen Johnson,1,Defender,27.4
54,2011-2012,Sebastian Coates,1,Defender,21.2
55,2010-2011,Dirk Kuyt,13,Striker,30.5
56,2010-2011,Maxi Rodriguez,10,Midfielder,30.0
57,2010-2011,Fernando Torres,9,Striker,26.8
58,2010-2011,Raul Meireles,5,Midfielder,27.8
59,2010-2011,Steven Gerrard,4,Midfielder,30.6
60,2010-2011,Luis Suarez,4,Striker,24.0
61,2010-2011,David N'Gog,2,Striker,21.8
62,2010-2011,Joe Cole,2,Midfielder,29.2
63,2010-2011,Andy Carroll,2,Striker,22.0
64,2010-2011,Glen Johnson,2,Defender,26.4
65,2010-2011,Martin Skrtel,2,Defender,26.1
66,2010-2011,Sotirios Kyrgiakos,2,Defender,31.5
67,2010-2011,Ryan Babel,1,Midfielder,24.1
68,2009-2010,Fernando Torres,18,Striker,25.8
69,2009-2010,Steven Gerrard,9,Midfielder,29.6
70,2009-2010,Dirk Kuyt,9,Striker,29.5
71,2009-2010,Yossi Benayoun,6,Midfielder,29.7
72,2009-2010,David N'Gog,5,Striker,20.8
73,2009-2010,Ryan Babel,4,Midfielder,23.1
74,2009-2010,Glen Johnson,3,Defender,25.4
75,2009-2010,Alberto Aquilani,1,Midfielder,25.5
76,2009-2010,Martin Skrtel,1,Defender,25.1
77,2009-2010,Sotirios Kyrgiakos,1,Defender,30.5
78,2009-2010,Maxi Rodriguez,1,Midfielder,29.0
79,2008-2009,Steven Gerrard,16,Midfielder,28.6
80,2008-2009,Fernando Torres,14,Striker,24.8
81,2008-2009,Dirk Kuyt,12,Striker,28.5
82,2008-2009,Yossi Benayoun,8,Midfielder,28.7
83,2008-2009,Robbie Keane,5,Striker,28.5
84,2008-2009,Xabi Alonso,4,Midfielder,27.1
85,2008-2009,Albert Riera,3,Midfielder,26.7
86,2008-2009,Ryan Babel,3,Midfielder,22.1
87,2008-2009,David N'Gog,2,Striker,19.8
88,2008-2009,Fabio Aurelio,2,Defender,29.3
89,2008-2009,Lucas Leiva,1,Midfielder,22.0
90,2008-2009,Daniel Agger,1,Defender,24.1
91,2008-2009,Sami Hyypia,1,Defender,35.3
92,2008-2009,Andrea Dossena,1,Defender,27.3
93,2008-2009,Jamie Carragher,1,Defender,30.9
94,2008-2009,Alvaro Arbeloa,1,Defender,26.0
95,2007-2008,Fernando Torres,24,Striker,23.8
96,2007-2008,Steven Gerrard,11,Midfielder,27.6
97,2007-2008,Peter Crouch,5,Striker,26.9
98,2007-2008,Andriy Voronin,5,Striker,28.5
99,2007-2008,Yossi Benayoun,4,Midfielder,27.7
100,2007-2008,Ryan Babel,4,Midfielder,21.0
101,2007-2008,Dirk Kuyt,3,Striker,27.5
102,2007-2008,Xabi Alonso,2,Midfielder,26.1
103,2007-2008,Jermaine Pennant,2,Midfielder,25.0
104,2007-2008,Sami Hyypia,1,Defender,34.3
105,2007-2008,Momo Sissoko,1,Midfielder,23.0
106,2007-2008,Javier Mascherano,1,Midfielder,23.6
107,2007-2008,Fabio Aurelio,1,Defender,28.3
108,2006-2007,Dirk Kuyt,12,Striker,26.5
109,2006-2007,Peter Crouch,9,Striker,25.9
110,2006-2007,Steven Gerrard,7,Midfielder,26.6
111,2006-2007,Craig Bellamy,7,Striker,27.5
112,2006-2007,Xabi Alonso,4,Midfielder,25.1
113,2006-2007,Robbie Fowler,3,Striker,31.8
114,2006-2007,Luis Garcia,3,Midfielder,28.5
115,2006-2007,Daniel Agger,2,Defender,22.1
116,2006-2007,Mark Gonzalez,2,Midfielder,22.5
117,2006-2007,Sami Hyypia,2,Defender,33.3
118,2006-2007,John Arne Riise,1,Defender,26.3
119,2006-2007,Jamie Carragher,1,Defender,28.9
120,2006-2007,Harry Kewell,1,Midfielder,28.3
121,2006-2007,Jermaine Pennant,1,Midfielder,24.0
122,2006-2007,Alvaro Arbeloa,1,Defender,24.0
123,2005-2006,Steven Gerrard,10,Midfielder,25.6
124,2005-2006,Djibril Cisse,9,Striker,24.4
125,2005-2006,Peter Crouch,8,Striker,24.9
126,2005-2006,Luis Garcia,7,Midfielder,27.5
127,2005-2006,Fernando Morientes,5,Striker,29.8
128,2005-2006,Robbie Fowler,5,Striker,30.8
129,2005-2006,Xabi Alonso,3,Midfielder,24.1
130,2005-2006,Harry Kewell,3,Midfielder,27.3
131,2005-2006,Bolo Zenden,2,Midfielder,29.4
132,2005-2006,John Arne Riise,1,Defender,25.3
133,2005-2006,Sami Hyypia,1,Defender,32.3
134,2005-2006,Stephen Warnock,1,Defender,24.1
135,2004-2005,Milan Baros,9,Striker,23.2
136,2004-2005,Luis Garcia,8,Midfielder,26.5
137,2004-2005,Steven Gerrard,7,Midfielder,24.6
138,2004-2005,John Arne Riise,6,Defender,24.3
139,2004-2005,Djibril Cisse,4,Striker,23.4
140,2004-2005,Fernando Morientes,3,Striker,28.8
141,2004-2005,Neil Mellor,2,Striker,22.2
142,2004-2005,Florent Sinama-Pongolle,2,Striker,20.2
143,2004-2005,Sami Hyypia,2,Defender,31.3
144,2004-2005,Xabi Alonso,2,Midfielder,23.1
145,2004-2005,Igor Biscan,2,Midfielder,26.7
146,2004-2005,Harry Kewell,1,Midfielder,26.3
147,2004-2005,Steve Finnan,1,Defender,28.7
148,2003-2004,Michael Owen,16,Striker,24.1
149,2003-2004,Emile Heskey,7,Striker,26.0
150,2003-2004,Harry Kewell,7,Midfielder,25.3
151,2003-2004,Danny Murphy,5,Midfielder,26.8
152,2003-2004,Steven Gerrard,4,Midfielder,23.6
153,2003-2004,Sami Hyypia,4,Defender,30.3
154,2003-2004,Vladimir Smicer,3,Midfielder,30.6
155,2003-2004,Bruno Cheyrou,2,Midfielder,25.7
156,2003-2004,Didi Hamann,2,Midfielder,30.4
157,2003-2004,Florent Sinama-Pongolle,2,Striker,19.2
158,2003-2004,Milan Baros,1,Striker,22.2
159,2002-2003,Michael Owen,19,Striker,23.1
160,2002-2003,Milan Baros,9,Striker,21.2
161,2002-2003,Danny Murphy,7,Midfielder,25.8
162,2002-2003,Emile Heskey,6,Striker,25.0
163,2002-2003,John Arne Riise,6,Defender,22.3
164,2002-2003,Steven Gerrard,5,Midfielder,22.6
165,2002-2003,El Hadji Diouf,3,Striker,22.0
166,2002-2003,Sami Hyypia,3,Defender,29.3
167,2002-2003,Didi Hamann,2,Midfielder,29.4
168,2002-2003,Salif Diao,1,Midfielder,25.9
169,2001-2002,Michael Owen,19,Striker,22.1
170,2001-2002,Emile Heskey,9,Striker,24.0
171,2001-2002,John Arne Riise,7,Defender,21.3
172,2001-2002,Danny Murphy,6,Midfielder,24.8
173,2001-2002,Jari Litmanen,4,Midfielder,30.9
174,2001-2002,Nicolas Anelka,4,Striker,22.8
175,2001-2002,Vladimir Smicer,4,Midfielder,28.6
176,2001-2002,Sami Hyypia,3,Defender,28.3
177,2001-2002,Robbie Fowler,3,Striker,26.8
178,2001-2002,Steven Gerrard,3,Midfielder,21.6
179,2001-2002,Jamie Redknapp,1,Midfielder,28.5
180,2001-2002,Abel Xavier,1,Defender,29.1
181,2001-2002,Didi Hamann,1,Midfielder,28.4
182,2001-2002,Patrik Berger,1,Midfielder,28.2
183,2000-2001,Michael Owen,16,Striker,21.1
184,2000-2001,Emile Heskey,14,Striker,23.0
185,2000-2001,Robbie Fowler,8,Striker,25.8
186,2000-2001,Steven Gerrard,7,Midfielder,20.6
187,2000-2001,Gary McAllister,5,Midfielder,36.0
188,2000-2001,Danny Murphy,4,Midfielder,23.8
189,2000-2001,Markus Babbel,3,Defender,28.3
190,2000-2001,Sami Hyypia,3,Defender,27.3
191,2000-2001,Nick Barmby,2,Midfielder,26.9
192,2000-2001,Vladimir Smicer,2,Midfielder,27.6
193,2000-2001,Didi Hamann,2,Midfielder,27.4
194,2000-2001,Patrik Berger,2,Midfielder,27.2
195,2000-2001,Jari Litmanen,1,Midfielder,29.9
196,2000-2001,Christian Ziege,1,Defender,28.9
197,1999-2000,Michael Owen,11,Striker,20.1
198,1999-2000,Titi Camara,9,Striker,27.1
199,1999-2000,Patrik Berger,9,Midfielder,26.2
200,1999-2000,Danny Murphy,3,Midfielder,22.8
201,1999-2000,David Thompson,3,Midfielder,22.3
202,1999-2000,Jamie Redknapp,3,Midfielder,26.5
203,1999-2000,Robbie Fowler,3,Striker,24.7
204,1999-2000,Emile Heskey,3,Striker,22.0
205,1999-2000,Sami Hyypia,2,Defender,26.3
206,1999-2000,Vladimir Smicer,1,Midfielder,26.6
207,1999-2000,Steven Gerrard,1,Midfielder,19.6
208,1999-2000,Didi Hamann,1,Midfielder,26.4
209,1999-2000,Vegard Heggem,1,Defender,24.5
210,1998-1999,Michael Owen,18,Striker,19.1
211,1998-1999,Robbie Fowler,14,Striker,23.7
212,1998-1999,Jamie Redknapp,8,Midfielder,25.5
213,1998-1999,Patrik Berger,7,Midfielder,25.2
214,1998-1999,Paul Ince,6,Midfielder,31.2
215,1998-1999,Karl-Heinz Riedle,5,Striker,33.3
216,1998-1999,Steve McManaman,4,Midfielder,26.9
217,1998-1999,Vegard Heggem,2,Defender,23.5
218,1998-1999,Jamie Carragher,1,Defender,20.9
219,1998-1999,David Thompson,1,Midfielder,21.3
220,1998-1999,Oyvind Leonhardsen,1,Midfielder,28.4
221,1998-1999,Dominic Matteo,1,Defender,24.7
222,1997-1998,Michael Owen,18,Striker,18.1
223,1997-1998,Steve McManaman,11,Midfielder,25.9
224,1997-1998,Robbie Fowler,9,Striker,22.7
225,1997-1998,Paul Ince,8,Midfielder,30.2
226,1997-1998,Karl-Heinz Riedle,6,Striker,32.3
227,1997-1998,Oyvind Leonhardsen,6,Midfielder,27.4
228,1997-1998,Jamie Redknapp,3,Midfielder,24.5
229,1997-1998,Patrik Berger,3,Striker,24.2
230,1997-1998,Jason McAteer,2,Midfielder,26.6
231,1997-1998,Michael Thomas,1,Midfielder,30.4
232,1997-1998,David Thompson,1,Midfielder,20.3
233,1996-1997,Robbie Fowler,18,Striker,21.7
234,1996-1997,Stan Collymore,12,Striker,26.0
235,1996-1997,Steve McManaman,7,Midfielder,24.9
236,1996-1997,Patrik Berger,6,Striker,23.2
237,1996-1997,John Barnes,4,Midfielder,33.2
238,1996-1997,Michael Thomas,3,Midfielder,29.4
239,1996-1997,Stig Inge Bjornebye,2,Defender,27.1
240,1996-1997,Jamie Redknapp,2,Midfielder,23.5
241,1996-1997,Neil Ruddock,1,Defender,28.7
242,1996-1997,Jamie Carragher,1,Midfielder,18.9
243,1996-1997,Phil Babb,1,Defender,26.1
244,1996-1997,Michael Owen,1,Striker,17.1
245,1996-1997,Jason McAteer,1,Midfielder,25.6
246,1995-1996,Robbie Fowler,28,Striker,20.7
247,1995-1996,Stan Collymore,14,Striker,25.0
248,1995-1996,Steve McManaman,6,Midfielder,23.9
249,1995-1996,Ian Rush,5,Striker,34.2
250,1995-1996,Neil Ruddock,5,Defender,27.7
251,1995-1996,Jamie Redknapp,3,Midfielder,22.5
252,1995-1996,John Barnes,3,Midfielder,32.2
253,1995-1996,Mark Wright,2,Defender,32.4
254,1995-1996,Steve Harkness,1,Defender,24.4
255,1995-1996,Michael Thomas,1,Midfielder,28.4
256,1994-1995,Robbie Fowler,25,Striker,19.7
257,1994-1995,Ian Rush,12,Striker,33.2
258,1994-1995,John Barnes,7,Midfielder,31.2
259,1994-1995,Steve McManaman,7,Midfielder,22.9
260,1994-1995,Jamie Redknapp,3,Midfielder,21.5
261,1994-1995,John Scales,2,Defender,28.5
262,1994-1995,Neil Ruddock,2,Defender,26.7
263,1994-1995,Jan Molby,2,Midfielder,31.5
264,1994-1995,Steve Harkness,1,Defender,23.4
265,1993-1994,Ian Rush,14,Striker,32.2
266,1993-1994,Robbie Fowler,12,Striker,18.7
267,1993-1994,Nigel Clough,7,Midfielder,27.8
268,1993-1994,Jamie Redknapp,4,Midfielder,20.5
269,1993-1994,Neil Ruddock,3,Defender,25.7
270,1993-1994,Julian Dicks,3,Defender,25.4
271,1993-1994,John Barnes,3,Midfielder,30.2
272,1993-1994,Jan Molby,2,Midfielder,30.5
273,1993-1994,Steve McManaman,2,Midfielder,21.9
274,1993-1994,Mike Marsh,1,Midfielder,24.5
275,1993-1994,Steve Nicol,1,Defender,32.1
276,1993-1994,Ronnie Whelan,1,Midfielder,32.3
277,1993-1994,Mark Wright,1,Defender,30.4
278,1992-1993,Ian Rush,14,Striker,31.2
279,1992-1993,Mark Walters,11,Midfielder,28.6
280,1992-1993,Don Hutchison,7,Midfielder,21.7
281,1992-1993,Ronny Rosenthal,6,Striker,29.2
282,1992-1993,John Barnes,5,Midfielder,29.2
283,1992-1993,Steve McManaman,4,Midfielder,20.9
284,1992-1993,Jan Molby,3,Midfielder,29.5
285,1992-1993,Mark Wright,2,Defender,29.4
286,1992-1993,Jamie Redknapp,2,Midfielder,19.5
287,1992-1993,David Burrows,2,Defender,24.2
288,1992-1993,Mike Marsh,1,Midfielder,23.5
289,1992-1993,Paul Stewart,1,Midfielder,28.3
290,1992-1993,Dean Saunders,1,Striker,28.6
291,1992-1993,Michael Thomas,1,Midfielder,25.4
292,1992-1993,Ronnie Whelan,1,Midfielder,31.3
293,1991-1992,Dean Saunders,10,Striker,27.5
294,1991-1992,Ray Houghton,8,Midfielder,30.0
295,1991-1992,Steve McManaman,5,Midfielder,19.9
296,1991-1992,Ian Rush,4,Striker,30.2
297,1991-1992,Mark Walters,3,Midfielder,27.6
298,1991-1992,Michael Thomas,3,Midfielder,24.4
299,1991-1992,Jan Molby,3,Midfielder,28.5
300,1991-1992,Ronny Rosenthal,3,Striker,28.2
301,1991-1992,John Barnes,1,Midfielder,28.2
302,1991-1992,Barry Venison,1,Defender,27.4
303,1991-1992,Nick Tanner,1,Defender,26.6
304,1991-1992,David Burrows,1,Defender,23.2
305,1991-1992,Glenn Hysen,1,Defender,32.2
306,1991-1992,Steve Nicol,1,Defender,30.1
307,1991-1992,Jamie Redknapp,1,Midfielder,18.5
308,1991-1992,Steve McMahon,1,Midfielder,30.4
309,1990-1991,Ian Rush,16,Striker,29.2
310,1990-1991,John Barnes,16,Midfielder,27.2
311,1990-1991,Peter Beardsley,11,Striker,30.0
312,1990-1991,Jan Molby,9,Midfielder,27.5
313,1990-1991,Ray Houghton,7,Midfielder,29.0
314,1990-1991,David Speedie,6,Striker,30.9
315,1990-1991,Ronny Rosenthal,5,Striker,27.2
316,1990-1991,Steve Nicol,3,Defender,29.1
317,1990-1991,Gary Gillespie,1,Defender,30.5
318,1990-1991,Ronnie Whelan,1,Midfielder,29.3
319,1989-1990,John Barnes,22,Striker,26.2
320,1989-1990,Ian Rush,18,Striker,28.2
321,1989-1990,Peter Beardsley,10,Striker,29.0
322,1989-1990,Ronny Rosenthal,7,Striker,26.2
323,1989-1990,Steve Nicol,6,Defender,28.1
324,1989-1990,Steve McMahon,5,Midfielder,28.4
325,1989-1990,Gary Gillespie,4,Defender,29.5
326,1989-1990,Ronnie Whelan,1,Midfielder,28.3
327,1989-1990,Glenn Hysen,1,Defender,30.2
328,1989-1990,John Aldridge,1,Striker,31.3
329,1989-1990,Jan Molby,1,Midfielder,26.5
330,1989-1990,Ray Houghton,1,Midfielder,28.0
331,1988-1989,John Aldridge,21,Striker,30.3
332,1988-1989,Peter Beardsley,10,Striker,28.0
333,1988-1989,John Barnes,8,Midfielder,25.2
334,1988-1989,Ian Rush,7,Striker,27.2
335,1988-1989,Ray Houghton,7,Midfielder,27.0
336,1988-1989,Ronnie Whelan,4,Midfielder,27.3
337,1988-1989,Steve McMahon,3,Midfielder,27.4
338,1988-1989,Jan Molby,2,Midfielder,25.5
339,1988-1989,Steve Nicol,2,Defender,27.1
340,1988-1989,Gary Gillespie,1,Defender,28.5
341,1987-1988,John Aldridge,26,Striker,29.3
342,1987-1988,Peter Beardsley,15,Striker,27.0
343,1987-1988,John Barnes,15,Midfielder,24.2
344,1987-1988,Steve McMahon,9,Midfielder,26.4
345,1987-1988,Steve Nicol,6,Defender,26.1
346,1987-1988,Ray Houghton,5,Midfielder,26.0
347,1987-1988,Craig Johnston,5,Midfielder,27.5
348,1987-1988,Gary Gillespie,4,Defender,27.5
349,1987-1988,Alan Hansen,1,Defender,32.6
350,1987-1988,Ronnie Whelan,1,Midfielder,26.3
351,1986-1987,Ian Rush,30,Striker,25.2
352,1986-1987,Jan Molby,7,Midfielder,23.5
353,1986-1987,Kenny Dalglish,6,Midfielder,35.9
354,1986-1987,Paul Walsh,6,Striker,24.3
355,1986-1987,Steve McMahon,5,Midfielder,25.4
356,1986-1987,John Wark,5,Midfielder,29.4
357,1986-1987,Steve Nicol,3,Midfielder,25.1
358,1986-1987,Ronnie Whelan,3,Midfielder,25.3
359,1986-1987,Craig Johnston,3,Midfielder,26.5
360,1986-1987,John Aldridge,2,Striker,28.3
361,1986-1987,Gary Ablett,1,Defender,21.1
362,1985-1986,Ian Rush,22,Striker,24.2
363,1985-1986,Jan Molby,14,Midfielder,22.5
364,1985-1986,Paul Walsh,11,Striker,23.3
365,1985-1986,Ronnie Whelan,10,Midfielder,24.3
366,1985-1986,Craig Johnston,7,Midfielder,25.5
367,1985-1986,Steve McMahon,6,Midfielder,24.4
368,1985-1986,Steve Nicol,4,Defender,24.1
369,1985-1986,Kenny Dalglish,3,Midfielder,34.9
370,1985-1986,John Wark,3,Midfielder,28.4
371,1985-1986,Mark Lawrenson,3,Defender,28.6
372,1985-1986,Gary Gillespie,3,Defender,25.5
373,1985-1986,Kevin MacDonald,1,Midfielder,25.1
374,1985-1986,Jim Beglin,1,Defender,22.4
375,1985-1986,Phil Neal,1,Defender,34.9
376,1984-1985,John Wark,18,Midfielder,27.4
377,1984-1985,Ian Rush,14,Striker,23.2
378,1984-1985,Paul Walsh,8,Striker,22.3
379,1984-1985,Ronnie Whelan,7,Midfielder,23.3
380,1984-1985,Kenny Dalglish,6,Midfielder,33.9
381,1984-1985,Steve Nicol,5,Midfielder,23.1
382,1984-1985,Phil Neal,4,Defender,33.9
383,1984-1985,Jim Beglin,1,Defender,21.4
384,1984-1985,Mark Lawrenson,1,Defender,27.6
385,1984-1985,Jan Molby,1,Midfielder,21.5
386,1984-1985,Gary Gillespie,1,Defender,24.5
387,1984-1985,Alan Kennedy,1,Defender,30.4
388,1983-1984,Ian Rush,32,Striker,22.2
389,1983-1984,Graeme Souness,7,Midfielder,30.7
390,1983-1984,Kenny Dalglish,7,Midfielder,32.9
391,1983-1984,Michael Robinson,6,Striker,25.5
392,1983-1984,Steve Nicol,5,Midfielder,22.1
393,1983-1984,Ronnie Whelan,4,Midfielder,22.3
394,1983-1984,Craig Johnston,2,Midfielder,23.5
395,1983-1984,Sammy Lee,2,Midfielder,24.9
396,1983-1984,John Wark,2,Midfielder,26.4
397,1983-1984,Alan Kennedy,2,Defender,29.4
398,1983-1984,Phil Neal,1,Defender,32.9
399,1983-1984,Alan Hansen,1,Defender,28.6
400,1982-1983,Ian Rush,24,Striker,21.2
401,1982-1983,Kenny Dalglish,18,Midfielder,31.9
402,1982-1983,Graeme Souness,9,Midfielder,29.7
403,1982-1983,Phil Neal,8,Defender,31.9
404,1982-1983,Craig Johnston,7,Midfielder,22.5
405,1982-1983,Mark Lawrenson,5,Defender,25.6
406,1982-1983,David Hodgson,4,Striker,22.4
407,1982-1983,Alan Kennedy,3,Defender,28.4
408,1982-1983,David Fairclough,3,Striker,26.0
409,1982-1983,Sammy Lee,3,Midfielder,23.9
410,1982-1983,Ronnie Whelan,2,Midfielder,21.3
411,1981-1982,Ian Rush,17,Striker,20.2
412,1981-1982,Terry McDermott,14,Midfielder,30.1
413,1981-1982,Kenny Dalglish,13,Striker,30.9
414,1981-1982,Ronnie Whelan,10,Midfielder,20.3
415,1981-1982,Craig Johnston,6,Midfielder,21.5
416,1981-1982,Graeme Souness,5,Midfielder,28.7
417,1981-1982,Sammy Lee,3,Midfielder,22.9
418,1981-1982,Alan Kennedy,3,Defender,27.4
419,1981-1982,David Johnson,2,Striker,30.2
420,1981-1982,Mark Lawrenson,2,Defender,24.6
421,1981-1982,Ray Kennedy,2,Midfielder,30.5
422,1981-1982,Phil Neal,2,Defender,30.9
423,1980-1981,Terry McDermott,13,Midfielder,29.1
424,1980-1981,Kenny Dalglish,8,Striker,29.9
425,1980-1981,David Johnson,8,Striker,29.2
426,1980-1981,Ray Kennedy,8,Midfielder,29.5
427,1980-1981,Graeme Souness,6,Midfielder,27.7
428,1980-1981,Sammy Lee,4,Midfielder,21.9
429,1980-1981,David Fairclough,4,Striker,24.0
430,1980-1981,Alan Kennedy,2,Defender,26.4
431,1980-1981,Phil Neal,2,Defender,29.9
432,1980-1981,Alan Hansen,1,Defender,25.6
433,1980-1981,Jimmy Case,1,Midfielder,26.6
434,1980-1981,Ronnie Whelan,1,Midfielder,19.3
435,1980-1981,Colin Irwin,1,Defender,23.9
436,1980-1981,Howard Gayle,1,Striker,22.6
437,1979-1980,David Johnson,21,Striker,28.2
438,1979-1980,Kenny Dalglish,16,Striker,28.8
439,1979-1980,Terry McDermott,11,Midfielder,28.1
440,1979-1980,Ray Kennedy,9,Midfielder,28.4
441,1979-1980,David Fairclough,5,Striker,23.0
442,1979-1980,Alan Hansen,4,Defender,24.6
443,1979-1980,Jimmy Case,3,Midfielder,25.6
444,1979-1980,Colin Irwin,2,Defender,22.9
445,1979-1980,Graeme Souness,1,Midfielder,26.7
446,1979-1980,Phil Neal,1,Defender,28.9
447,1979-1980,Avi Cohen,1,Defender,23.1
448,1979-1980,Alan Kennedy,1,Defender,25.4
449,1978-1979,Kenny Dalglish,21,Striker,27.8
450,1978-1979,David Johnson,16,Striker,27.2
451,1978-1979,Ray Kennedy,10,Midfielder,27.4
452,1978-1979,Graeme Souness,8,Midfielder,25.7
453,1978-1979,Terry McDermott,8,Midfielder,27.1
454,1978-1979,Jimmy Case,7,Midfielder,24.6
455,1978-1979,Phil Neal,5,Defender,27.9
456,1978-1979,Steve Heighway,4,Midfielder,31.1
457,1978-1979,Alan Kennedy,3,Defender,24.4
458,1978-1979,David Fairclough,2,Striker,22.0
459,1978-1979,Alan Hansen,1,Defender,23.6
460,1977-1978,Kenny Dalglish,20,Striker,26.8
461,1977-1978,David Fairclough,10,Striker,21.0
462,1977-1978,Jimmy Case,5,Midfielder,23.6
463,1977-1978,Steve Heighway,5,Midfielder,30.1
464,1977-1978,Terry McDermott,4,Midfielder,26.1
465,1977-1978,Phil Neal,4,Defender,26.9
466,1977-1978,Ray Kennedy,4,Midfielder,26.4
467,1977-1978,David Johnson,3,Striker,26.2
468,1977-1978,Phil Thompson,3,Defender,24.0
469,1977-1978,Tommy Smith,2,Defender,32.8
470,1977-1978,Graeme Souness,2,Midfielder,24.7
471,1977-1978,Sammy Lee,1,Midfielder,18.9
472,1976-1977,Kevin Keegan,12,Striker,25.9
473,1976-1977,John Toshack,10,Striker,27.8
474,1976-1977,Steve Heighway,8,Midfielder,29.1
475,1976-1977,Phil Neal,7,Defender,25.9
476,1976-1977,Ray Kennedy,7,Midfielder,25.4
477,1976-1977,David Johnson,5,Striker,25.2
478,1976-1977,David Fairclough,3,Striker,20.0
479,1976-1977,Joey Jones,3,Defender,21.8
480,1976-1977,Phil Thompson,2,Defender,23.0
481,1976-1977,Jimmy Case,1,Midfielder,22.6
482,1976-1977,Terry McDermott,1,Midfielder,25.1
483,1976-1977,Ian Callaghan,1,Midfielder,34.8
484,1976-1977,Emlyn Hughes,1,Defender,29.4
485,1975-1976,John Toshack,16,Striker,26.8
486,1975-1976,Kevin Keegan,12,Striker,24.9
487,1975-1976,David Fairclough,7,Striker,19.0
488,1975-1976,Jimmy Case,6,Midfielder,21.6
489,1975-1976,Ray Kennedy,6,Midfielder,24.4
490,1975-1976,Phil Neal,6,Defender,24.9
491,1975-1976,Steve Heighway,4,Midfielder,28.1
492,1975-1976,Ian Callaghan,3,Midfielder,33.8
493,1975-1976,Emlyn Hughes,2,Defender,28.4
494,1975-1976,Brian Hall,2,Midfielder,29.1
495,1975-1976,Peter Cormack,1,Midfielder,29.5
496,1975-1976,Terry McDermott,1,Midfielder,24.1
497,1974-1975,John Toshack,12,Striker,25.8
498,1974-1975,Kevin Keegan,10,Striker,23.9
499,1974-1975,Steve Heighway,9,Midfielder,27.1
500,1974-1975,Phil Boersma,6,Striker,25.3
501,1974-1975,Ray Kennedy,5,Striker,23.4
502,1974-1975,Brian Hall,5,Midfielder,28.1
503,1974-1975,Peter Cormack,3,Midfielder,28.5
504,1974-1975,Alec Lindsay,3,Defender,26.9
505,1974-1975,Tommy Smith,2,Defender,29.8
506,1974-1975,Terry McDermott,2,Midfielder,23.1
507,1974-1975,Emlyn Hughes,1,Defender,27.4
508,1974-1975,Ian Callaghan,1,Midfielder,32.8
509,1973-1974,Kevin Keegan,12,Striker,22.9
510,1973-1974,Peter Cormack,9,Midfielder,27.5
511,1973-1974,John Toshack,5,Striker,24.8
512,1973-1974,Steve Heighway,5,Midfielder,26.1
513,1973-1974,Brian Hall,4,Midfielder,27.1
514,1973-1974,Alec Lindsay,4,Defender,25.9
515,1973-1974,Phil Boersma,3,Striker,24.3
516,1973-1974,Chris Lawler,2,Defender,30.2
517,1973-1974,Emlyn Hughes,2,Defender,26.4
518,1973-1974,Phil Thompson,2,Defender,20.0
519,1973-1974,Alan Waddle,1,Striker,19.6
520,1973-1974,Larry Lloyd,1,Defender,25.3
521,1973-1974,Tommy Smith,1,Defender,28.8
522,1972-1973,Kevin Keegan,13,Striker,21.9
523,1972-1973,John Toshack,13,Striker,23.8
524,1972-1973,Peter Cormack,8,Midfielder,26.5
525,1972-1973,Phil Boersma,7,Striker,23.3
526,1972-1973,Emlyn Hughes,7,Midfielder,25.4
527,1972-1973,Steve Heighway,6,Midfielder,25.1
528,1972-1973,Alec Lindsay,4,Defender,24.9
529,1972-1973,Ian Callaghan,3,Midfielder,30.8
530,1972-1973,Chris Lawler,3,Defender,29.2
531,1972-1973,Brian Hall,2,Midfielder,26.1
532,1972-1973,Larry Lloyd,2,Defender,24.3
533,1972-1973,Tommy Smith,2,Defender,27.8
534,1971-1972,John Toshack,13,Striker,22.8
535,1971-1972,Kevin Keegan,9,Striker,20.9
536,1971-1972,Emlyn Hughes,8,Midfielder,24.4
537,1971-1972,Chris Lawler,6,Defender,28.2
538,1971-1972,Jack Whitham,6,Striker,25.1
539,1971-1972,Tommy Smith,6,Defender,26.8
540,1971-1972,Steve Heighway,5,Midfielder,24.1
541,1971-1972,Bobby Graham,2,Striker,27.1
542,1971-1972,Ian Callaghan,2,Midfielder,29.7
543,1971-1972,Brian Hall,1,Midfielder,25.1
544,1971-1972,Alun Evans,1,Striker,22.3
545,1971-1972,Larry Lloyd,1,Defender,23.3
546,1971-1972,Ian Ross,1,Defender,24.1
547,1970-1971,Alun Evans,10,Striker,21.3
548,1970-1971,John Toshack,5,Striker,21.8
549,1970-1971,Bobby Graham,5,Striker,26.1
550,1970-1971,Steve Heighway,4,Midfielder,23.1
551,1970-1971,Chris Lawler,3,Defender,27.2
552,1970-1971,Emlyn Hughes,2,Midfielder,23.4
553,1970-1971,John McLaughlin,2,Defender,18.9
554,1970-1971,Tommy Smith,2,Defender,25.8
555,1970-1971,Peter Thompson,2,Midfielder,28.1
556,1970-1971,Phil Boersma,1,Striker,21.3
557,1970-1971,Brian Hall,1,Midfielder,24.1
558,1970-1971,Jack Whitham,1,Striker,24.1
559,1970-1971,Ron Yeats,1,Defender,33.2
560,1969-1970,Bobby Graham,13,Striker,25.1
561,1969-1970,Chris Lawler,10,Defender,26.2
562,1969-1970,Emlyn Hughes,7,Midfielder,22.4
563,1969-1970,Roger Hunt,6,Striker,31.5
564,1969-1970,Ian St John,5,Midfielder,31.6
565,1969-1970,Tommy Smith,4,Defender,24.8
566,1969-1970,Alun Evans,3,Striker,20.3
567,1969-1970,Peter Thompson,3,Midfielder,27.1
568,1969-1970,Ian Callaghan,3,Midfielder,27.7
569,1969-1970,Ron Yeats,3,Defender,32.2
570,1969-1970,Geoff Strong,3,Defender,32.3
571,1969-1970,Alec Lindsay,1,Midfielder,21.9
572,1969-1970,Ian Ross,1,Defender,22.1
573,1968-1969,Roger Hunt,13,Striker,30.5
574,1968-1969,Ian Callaghan,8,Midfielder,26.7
575,1968-1969,Peter Thompson,8,Midfielder,26.1
576,1968-1969,Alun Evans,7,Striker,19.3
577,1968-1969,Tommy Smith,6,Defender,23.8
578,1968-1969,Bobby Graham,5,Striker,24.1
579,1968-1969,Ian St John,4,Midfielder,30.6
580,1968-1969,Chris Lawler,3,Defender,25.2
581,1968-1969,Emlyn Hughes,3,Midfielder,21.4
582,1968-1969,Geoff Strong,2,Defender,31.3
583,1968-1969,Ron Yeats,2,Defender,31.2
584,1968-1969,Tony Hateley,1,Striker,27.6
585,1967-1968,Roger Hunt,25,Striker,29.5
586,1967-1968,Tony Hateley,16,Striker,26.6
587,1967-1968,Ian St John,5,Midfielder,29.6
588,1967-1968,Geoff Strong,5,Defender,30.3
589,1967-1968,Ian Callaghan,3,Midfielder,25.7
590,1967-1968,Tommy Smith,3,Defender,22.8
591,1967-1968,Chris Lawler,3,Defender,24.2
592,1967-1968,Peter Thompson,2,Midfielder,25.1
593,1967-1968,Ron Yeats,2,Defender,30.1
594,1967-1968,Emlyn Hughes,2,Midfielder,20.4
595,1967-1968,Bobby Graham,1,Striker,23.1
596,1967-1968,Willie Stevenson,1,Midfielder,28.2
597,1967-1968,Alf Arrowsmith,1,Midfielder,25.1
598,1966-1967,Roger Hunt,14,Striker,28.5
599,1966-1967,Geoff Strong,12,Striker,29.3
600,1966-1967,Peter Thompson,10,Midfielder,24.1
601,1966-1967,Ian St John,9,Midfielder,28.6
602,1966-1967,Chris Lawler,4,Defender,23.2
603,1966-1967,Ian Callaghan,3,Midfielder,24.7
604,1966-1967,Willie Stevenson,3,Midfielder,27.2
605,1966-1967,Ron Yeats,2,Defender,29.1
606,1966-1967,Alf Arrowsmith,2,Midfielder,24.1
607,1966-1967,Bobby Graham,1,Striker,22.1
608,1966-1967,Gordon Milne,1,Midfielder,29.8
609,1966-1967,Tommy Smith,1,Defender,21.8
610,1965-1966,Roger Hunt,29,Striker,27.5
611,1965-1966,Ian St John,10,Midfielder,27.6
612,1965-1966,Gordon Milne,7,Midfielder,28.8
613,1965-1966,Chris Lawler,5,Defender,22.2
614,1965-1966,Geoff Strong,5,Midfielder,28.3
615,1965-1966,Peter Thompson,5,Midfielder,23.1
616,1965-1966,Willie Stevenson,5,Midfielder,26.2
617,1965-1966,Ian Callaghan,5,Midfielder,23.7
618,1965-1966,Tommy Smith,3,Defender,20.8
619,1965-1966,Ron Yeats,2,Defender,28.1
620,1965-1966,Alf Arrowsmith,1,Midfielder,23.1
621,1965-1966,Gerry Byrne,1,Defender,27.4
622,1964-1965,Roger Hunt,25,Striker,26.5
623,1964-1965,Ian Callaghan,6,Midfielder,22.7
624,1964-1965,Gordon Milne,5,Midfielder,27.8
625,1964-1965,Peter Thompson,5,Midfielder,22.1
626,1964-1965,Ian St John,4,Midfielder,26.6
627,1964-1965,Bobby Graham,4,Striker,20.1
628,1964-1965,Tommy Smith,4,Defender,19.8
629,1964-1965,Willie Stevenson,3,Midfielder,25.2
630,1964-1965,Geoff Strong,3,Striker,27.3
631,1964-1965,Gordon Wallace,2,Midfielder,20.6
632,1964-1965,Chris Lawler,2,Defender,21.2
633,1964-1965,Phil Chisnall,1,Striker,22.2
634,1964-1965,Alf Arrowsmith,1,Midfielder,22.1
635,1964-1965,Phil Ferns,1,Defender,27.2
636,1964-1965,John Sealey,1,Midfielder,19.0
637,1963-1964,Roger Hunt,31,Striker,25.5
638,1963-1964,Ian St John,21,Striker,25.6
639,1963-1964,Alf Arrowsmith,15,Midfielder,21.1
640,1963-1964,Ian Callaghan,8,Midfielder,21.7
641,1963-1964,Peter Thompson,6,Midfielder,21.1
642,1963-1964,Jimmy Melia,4,Midfielder,26.2
643,1963-1964,Gordon Milne,2,Midfielder,26.8
644,1963-1964,Ronnie Moran,2,Defender,29.9
645,1963-1964,Willie Stevenson,1,Midfielder,24.2
646,1963-1964,Ron Yeats,1,Defender,26.1
647,1962-1963,Roger Hunt,24,Striker,24.5
648,1962-1963,Ian St John,19,Striker,24.6
649,1962-1963,Kevin Lewis,10,Midfielder,22.3
650,1962-1963,Jimmy Melia,5,Midfielder,25.2
651,1962-1963,Ronnie Moran,5,Defender,28.9
652,1962-1963,Willie Stevenson,2,Midfielder,23.2
653,1962-1963,Alan A'Court,2,Midfielder,28.3
654,1962-1963,Ian Callaghan,2,Midfielder,20.7
655,1962-1963,Tommy Leishman,1,Midfielder,25.3
656,1962-1963,Gordon Wallace,1,Midfielder,18.6
657,1953-1954,Sammy Smyth,13,Striker,28.9
658,1953-1954,Louis Bimpson,12,Striker,24.7
659,1953-1954,Billy Liddell,7,Midfielder,32.0
660,1953-1954,Bill Jones,6,Defender,32.7
661,1953-1954,Eric Anderson,5,Striker,22.8
662,1953-1954,John Evans,5,Striker,24.4
663,1953-1954,Brian Jackson,4,Midfielder,20.8
664,1953-1954,Kevin Baron,4,Striker,27.5
665,1953-1954,Alan A'Court,3,Midfielder,19.3
666,1953-1954,Jimmy Payne,3,Midfielder,27.8
667,1953-1954,Bob Paisley,2,Defender,35.0
668,1953-1954,Ray Lambert,1,Defender,31.5
669,1953-1954,Tony Rowley,1,Striker,24.3
670,1953-1954,Alan Arnell,1,Striker,20.1
671,1952-1953,Billy Liddell,13,Midfielder,31.0
672,1952-1953,Kevin Baron,9,Striker,26.5
673,1952-1953,Jimmy Payne,8,Midfielder,26.8
674,1952-1953,Jack Smith,8,Midfielder,25.0
675,1952-1953,Sammy Smyth,7,Striker,27.9
676,1952-1953,Bryan Williams,4,Midfielder,25.3
677,1952-1953,Louis Bimpson,3,Striker,23.7
678,1952-1953,Phil Taylor,2,Defender,35.3
679,1952-1953,Alan A'Court,2,Midfielder,18.3
680,1952-1953,Bill Jones,2,Defender,31.7
681,1952-1953,Bob Paisley,2,Defender,34.0
682,1952-1953,Ken Brierley,1,Midfielder,26.8
683,1951-1952,Billy Liddell,19,Midfielder,30.0
684,1951-1952,Jimmy Payne,9,Midfielder,25.8
685,1951-1952,Jack Smith,6,Midfielder,24.0
686,1951-1952,Kevin Baron,6,Striker,25.5
687,1951-1952,Albert Stubbins,5,Striker,32.5
688,1951-1952,Cyril Done,3,Striker,31.2
689,1951-1952,Bob Paisley,2,Defender,33.0
690,1951-1952,Bill Jones,2,Defender,30.7
691,1951-1952,Laurie Hughes,1,Defender,27.9
692,1951-1952,Brian Jackson,1,Midfielder,18.8
693,1951-1952,Ken Brierley,1,Midfielder,25.8
694,1951-1952,Phil Taylor,1,Defender,34.3
695,1951-1952,Bryan Williams,1,Midfielder,24.3
696,1950-1951,Billy Liddell,15,Midfielder,29.0
697,1950-1951,Jack Balmer,10,Striker,34.9
698,1950-1951,Jimmy Payne,6,Midfielder,24.8
699,1950-1951,Albert Stubbins,6,Striker,31.5
700,1950-1951,Bill Jones,4,Defender,29.7
701,1950-1951,Cyril Done,3,Striker,30.2
702,1950-1951,Jack Haigh,3,Striker,22.3
703,1950-1951,Phil Taylor,2,Defender,33.3
704,1950-1951,Kevin Baron,1,Striker,24.5
705,1950-1951,Bob Paisley,1,Defender,32.0
706,1949-1950,Billy Liddell,17,Midfielder,28.0
707,1949-1950,Willie Fagan,11,Striker,32.9
708,1949-1950,Albert Stubbins,10,Striker,30.5
709,1949-1950,Kevin Baron,7,Striker,23.5
710,1949-1950,Jimmy Payne,5,Midfielder,23.8
711,1949-1950,Ken Brierley,5,Midfielder,23.8
712,1949-1950,Cyril Done,5,Striker,29.2
713,1949-1950,Bob Paisley,1,Defender,31.0
714,1949-1950,Ray Lambert,1,Defender,27.5
715,1949-1950,Jack Balmer,1,Striker,33.9
716,1948-1949,Jack Balmer,14,Striker,32.9
717,1948-1949,Cyril Done,11,Striker,28.2
718,1948-1949,Billy Liddell,8,Midfielder,27.0
719,1948-1949,Albert Stubbins,6,Striker,29.5
720,1948-1949,Jimmy Payne,3,Midfielder,22.8
721,1948-1949,Willie Fagan,2,Striker,31.9
722,1948-1949,Kevin Baron,2,Striker,22.5
723,1948-1949,Bob Paisley,1,Defender,30.0
724,1948-1949,Les Shannon,1,Striker,22.8
725,1948-1949,Phil Taylor,1,Defender,31.3
726,1948-1949,Billy Watkinson,1,Midfielder,26.8
727,1947-1948,Albert Stubbins,24,Striker,28.5
728,1947-1948,Jack Balmer,15,Striker,31.9
729,1947-1948,Billy Liddell,10,Midfielder,26.0
730,1947-1948,Willie Fagan,5,Striker,30.9
731,1947-1948,Bob Priday,4,Midfielder,22.8
732,1947-1948,Kevin Baron,2,Striker,21.5
733,1947-1948,Eddie Spicer,2,Defender,25.3
734,1947-1948,Ken Brierley,1,Midfielder,21.8
735,1947-1948,Bill Jones,1,Defender,26.7
736,1947-1948,Bob Paisley,1,Defender,29.0
737,1946-1947,Jack Balmer,24,Striker,30.9
738,1946-1947,Albert Stubbins,24,Striker,27.5
739,1946-1947,Cyril Done,10,Striker,26.2
740,1946-1947,Billy Liddell,7,Midfielder,25.0
741,1946-1947,Willie Fagan,7,Striker,29.9
742,1946-1947,Berry Nieuwenhuys,5,Midfielder,35.2
743,1946-1947,Bill Jones,2,Defender,25.7
744,1946-1947,Len Carney,1,Striker,31.6
745,1946-1947,Bob Priday,1,Midfielder,21.8
746,1946-1947,Phil Taylor,1,Defender,29.3
747,1946-1947,Billy Watkinson,1,Midfielder,24.8
748,1938-1939,Berry Nieuwenhuys,14,Midfielder,27.2
749,1938-1939,Willie Fagan,14,Striker,21.9
750,1938-1939,Phil Taylor,14,Striker,21.3
751,1938-1939,Jack Balmer,10,Striker,22.9
752,1938-1939,Bill Kinghorn,4,Midfielder,26.9
753,1938-1939,Harman Van Den Berg,3,Midfielder,20.8
754,1938-1939,Harry Eastham,1,Midfielder,21.5
755,1938-1939,Matt Busby,1,Defender,29.6
756,1938-1939,Tom Bush,1,Defender,24.9
757,1937-1938,Alf Hanson,14,Midfielder,25.9
758,1937-1938,Jack Balmer,13,Striker,21.9
759,1937-1938,Berry Nieuwenhuys,13,Midfielder,26.2
760,1937-1938,Willie Fagan,8,Striker,20.9
761,1937-1938,John Shafto,6,Striker,19.2
762,1937-1938,Phil Taylor,6,Striker,20.3
763,1937-1938,Ted Harston,3,Centre-forward,30.9
764,1937-1938,Ron Jones,1,Defender,23.6
765,1937-1938,Jimmy McInnes,1,Defender,25.9
766,1936-1937,Fred Howe,16,Striker,24.3
767,1936-1937,Berry Nieuwenhuys,13,Midfielder,25.2
768,1936-1937,Alf Hanson,13,Midfielder,24.9
769,1936-1937,Jack Balmer,8,Striker,20.9
770,1936-1937,Vic Wright,4,Striker,28.0
771,1936-1937,Phil Taylor,3,Striker,19.3
772,1936-1937,Harry Eastham,2,Midfielder,19.5
773,1936-1937,Matt Busby,1,Defender,27.6
774,1935-1936,Fred Howe,17,Striker,23.3
775,1935-1936,Berry Nieuwenhuys,10,Midfielder,24.2
776,1935-1936,Gordon Hodgson,9,Striker,31.7
777,1935-1936,Vic Wright,6,Striker,27.0
778,1935-1936,Lance Carr,6,Striker,25.9
779,1935-1936,Bob Glassey,4,Striker,21.4
780,1935-1936,Jack Balmer,3,Striker,19.9
781,1935-1936,Phil Taylor,2,Striker,18.3
782,1935-1936,Tommy Johnson,1,Striker,34.4
783,1935-1936,Jimmy McDougall,1,Defender,32.0
784,1935-1936,Matt Busby,1,Defender,26.6
785,1934-1935,Gordon Hodgson,27,Striker,30.7
786,1934-1935,Vic Wright,19,Striker,26.0
787,1934-1935,Berry Nieuwenhuys,10,Midfielder,23.2
788,1934-1935,Alf Hanson,9,Midfielder,22.9
789,1934-1935,Sam English,6,Striker,26.4
790,1934-1935,Tommy Johnson,5,Striker,33.4
791,1934-1935,Fred Howe,3,Striker,22.3
792,1934-1935,Lance Carr,2,Striker,24.9
793,1934-1935,Syd Roberts,1,Striker,23.9
794,1934-1935,Jimmy McDougall,1,Defender,31.0
795,1934-1935,Harold Taylor,1,Midfielder,23.0
796,1933-1934,Gordon Hodgson,24,Striker,29.7
797,1933-1934,Sam English,18,Striker,25.4
798,1933-1934,Alf Hanson,12,Midfielder,21.9
799,1933-1934,Berry Nieuwenhuys,9,Midfielder,22.2
800,1933-1934,Syd Roberts,3,Striker,22.9
801,1933-1934,Harold Taylor,3,Midfielder,22.0
802,1933-1934,Dave Wright,2,Striker,28.3
803,1933-1934,Vic Wright,2,Striker,25.0
804,1933-1934,Tommy Johnson,2,Striker,32.4
805,1933-1934,Bob Done,2,Defender,29.7
806,1933-1934,Tom Morrison,1,Defender,30.0
807,1932-1933,Gordon Hodgson,24,Striker,28.7
808,1932-1933,Dave Wright,14,Striker,27.3
809,1932-1933,Harold Barton,13,Midfielder,21.3
810,1932-1933,Syd Roberts,6,Striker,21.9
811,1932-1933,Gordon Gunson,5,Midfielder,28.5
812,1932-1933,Ted Crawford,4,Striker,26.2
813,1932-1933,Tiny Bradshaw,3,Defender,28.9
814,1932-1933,Alf Hanson,2,Midfielder,20.9
815,1932-1933,Harold Taylor,2,Midfielder,21.0
816,1932-1933,Les Bruton,1,Striker,29.8
817,1932-1933,Bob Done,1,Defender,28.7
818,1932-1933,James Jackson,1,Defender,32.1
819,1932-1933,Archie McPherson,1,Striker,22.9
820,1932-1933,Tom Morrison,1,Defender,29.0
821,1931-1932,Gordon Hodgson,26,Striker,27.7
822,1931-1932,Gordon Gunson,17,Midfielder,27.5
823,1931-1932,Dave Wright,13,Striker,26.3
824,1931-1932,Harold Barton,8,Midfielder,20.3
825,1931-1932,Danny McRorie,5,Midfielder,25.5
826,1931-1932,Bob Done,3,Defender,27.7
827,1931-1932,Ted Hancock,2,Striker,24.8
828,1931-1932,Archie McPherson,2,Striker,21.9
829,1931-1932,Ted Savage,2,Left-winger,19.9
830,1931-1932,Jimmy Smith,1,Striker,29.8
831,1931-1932,Tom Morrison,1,Defender,28.0
832,1930-1931,Gordon Hodgson,36,Striker,26.7
833,1930-1931,Jimmy Smith,14,Striker,28.8
834,1930-1931,Archie McPherson,10,Striker,20.9
835,1930-1931,Dave Wright,6,Striker,25.3
836,1930-1931,Dick Edmed,4,Midfielder,26.9
837,1930-1931,Harold Barton,4,Midfielder,19.3
838,1930-1931,Bob Done,2,Defender,26.7
839,1930-1931,Alan Scott,2,Striker,20.4
840,1930-1931,Danny McRorie,1,Midfielder,24.5
841,1930-1931,Tom Morrison,1,Defender,27.0
842,1930-1931,Bob Clark,1,Striker,27.9
843,1930-1931,Gordon Gunson,1,Midfielder,26.5
844,1930-1931,Fred Hopkin,1,Left-winger,35.3
845,1930-1931,Jimmy McDougall,1,Defender,27.0
846,1929-1930,Jimmy Smith,23,Striker,27.8
847,1929-1930,Gordon Hodgson,14,Striker,25.7
848,1929-1930,Harry Race,7,Striker,24.0
849,1929-1930,Archie McPherson,5,Striker,19.9
850,1929-1930,Dick Edmed,4,Midfielder,25.9
851,1929-1930,Fred Hopkin,3,Left-winger,34.3
852,1929-1930,John Lindsay,1,Defender,30.0
853,1929-1930,Jimmy McDougall,1,Defender,26.0
854,1929-1930,Gordon Gunson,1,Midfielder,25.5
855,1929-1930,Bob Clark,1,Striker,26.9
856,1929-1930,David Davidson,1,Defender,24.6
857,1929-1930,Bill Murray,1,Defender,25.2
858,1928-1929,Gordon Hodgson,30,Striker,24.7
859,1928-1929,Dick Edmed,16,Midfielder,24.9
860,1928-1929,Bob Clark,9,Striker,25.9
861,1928-1929,Harry Race,9,Striker,23.0
862,1928-1929,Jimmy McDougall,8,Striker,25.0
863,1928-1929,Bob Done,5,Defender,24.7
864,1928-1929,Bill Salisbury,2,Striker,29.9
865,1928-1929,Albert Whitehurst,2,Striker,30.5
866,1928-1929,Billy Millar,2,Striker,22.2
867,1928-1929,Tom Reid,2,Striker,23.4
868,1928-1929,John Lindsay,1,Defender,29.0
869,1928-1929,Tom Bromilow,1,Defender,34.3
870,1928-1929,David Davidson,1,Defender,23.6
871,1927-1928,Gordon Hodgson,23,Striker,23.7
872,1927-1928,Tom Reid,15,Striker,22.4
873,1927-1928,Dick Edmed,14,Midfielder,23.9
874,1927-1928,Willie Devlin,14,Striker,28.4
875,1927-1928,Harry Chambers,3,Striker,31.1
876,1927-1928,Tom Bromilow,3,Defender,33.3
877,1927-1928,Fred Hopkin,3,Left-winger,32.3
878,1927-1928,Harry Race,2,Striker,22.0
879,1927-1928,Jimmy Walsh,2,Striker,26.6
880,1927-1928,Tom Scott,1,Striker,23.8
881,1927-1928,James Jackson,1,Defender,27.1
882,1927-1928,Jock McNab,1,Defender,33.7
883,1927-1928,George Pither,1,Midfielder,28.5
884,1926-1927,Harry Chambers,17,Striker,30.1
885,1926-1927,Gordon Hodgson,16,Striker,22.7
886,1926-1927,Dick Forshaw,13,Striker,31.4
887,1926-1927,Tom Reid,11,Striker,21.4
888,1926-1927,Dick Edmed,6,Midfielder,22.9
889,1926-1927,Donald Mackinlay,2,Defender,35.5
890,1926-1927,Willie Devlin,1,Striker,27.4
891,1926-1927,Tom Scott,1,Striker,22.8
892,1926-1927,Tommy Lucas,1,Defender,31.3
893,1925-1926,Dick Forshaw,27,Striker,30.4
894,1925-1926,Harry Chambers,17,Striker,29.1
895,1925-1926,Cyril Oxley,6,Midfielder,21.7
896,1925-1926,Gordon Hodgson,4,Striker,21.7
897,1925-1926,Jimmy Walsh,3,Striker,24.6
898,1925-1926,Donald Mackinlay,2,Defender,34.5
899,1925-1926,Fred Baron,2,Striker,24.0
900,1925-1926,Tom Reid,2,Striker,20.4
901,1925-1926,Tom Scott,1,Striker,21.8
902,1925-1926,David Pratt,1,Defender,29.8
903,1925-1926,Archie Rawlings,1,Midfielder,34.3
904,1925-1926,Tom Bromilow,1,Defender,31.3
905,1925-1926,Fred Hopkin,1,Left-winger,30.3
906,1924-1925,Dick Forshaw,19,Striker,29.4
907,1924-1925,Danny Shone,12,Striker,25.6
908,1924-1925,Archie Rawlings,7,Midfielder,33.3
909,1924-1925,Harry Chambers,7,Striker,28.1
910,1924-1925,Fred Baron,5,Striker,23.0
911,1924-1925,Donald Mackinlay,4,Defender,33.5
912,1924-1925,Jimmy Walsh,3,Striker,23.6
913,1924-1925,Jock McNab,2,Defender,30.7
914,1924-1925,Fred Hopkin,1,Left-winger,29.3
915,1924-1925,Tom Scott,1,Striker,20.8
916,1924-1925,Dick Johnson,1,Striker,29.6
917,1923-1924,Jimmy Walsh,16,Striker,22.6
918,1923-1924,Harry Chambers,13,Striker,27.1
919,1923-1924,Donald Mackinlay,6,Defender,32.5
920,1923-1924,Dick Forshaw,5,Striker,28.4
921,1923-1924,Danny Shone,5,Striker,24.6
922,1923-1924,Joe Keetley,2,Striker,26.5
923,1922-1923,Harry Chambers,22,Striker,26.1
924,1922-1923,Dick Forshaw,19,Striker,27.4
925,1922-1923,Dick Johnson,14,Striker,27.6
926,1922-1923,Donald Mackinlay,5,Defender,31.5
927,1922-1923,Tom Bromilow,3,Defender,28.3
928,1922-1923,Walter Wadsworth,2,Defender,32.3
929,1922-1923,Cyril Gilhespy,2,Midfielder,24.9
930,1922-1923,Fred Hopkin,1,Left-winger,27.3
931,1922-1923,Bill Lacey,1,Midfielder,33.3
932,1922-1923,Jock McNab,1,Defender,28.7
933,1921-1922,Harry Chambers,19,Striker,25.1
934,1921-1922,Dick Forshaw,17,Striker,26.4
935,1921-1922,Harry Beadles,6,Striker,24.3
936,1921-1922,Danny Shone,6,Striker,22.6
937,1921-1922,Billy Matthews,4,Striker,24.7
938,1921-1922,Jock McNab,2,Defender,27.7
939,1921-1922,Tom Bromilow,2,Defender,27.3
940,1921-1922,Tommy Lucas,2,Defender,26.3
941,1921-1922,Cyril Gilhespy,1,Midfielder,23.9
942,1921-1922,Bill Lacey,1,Midfielder,32.3
943,1921-1922,Harry Lewis,1,Striker,25.0
944,1921-1922,Donald Mackinlay,1,Defender,30.5
945,1920-1921,Harry Chambers,22,Striker,24.1
946,1920-1921,Dick Johnson,13,Striker,25.6
947,1920-1921,Dick Forshaw,9,Striker,25.4
948,1920-1921,Walter Wadsworth,5,Defender,30.3
949,1920-1921,Harold Wadsworth,3,Midfielder,22.3
950,1920-1921,Tom Miller,3,Striker,30.5
951,1920-1921,Harry Lewis,2,Striker,24.0
952,1920-1921,Donald Mackinlay,2,Defender,29.5
953,1920-1921,Bill Lacey,1,Half-back,31.3
954,1920-1921,John Bamber,1,Midfielder,25.7
955,1920-1921,Peter McKinney,1,Striker,23.1
956,1920-1921,Jackie Sheldon,1,Midfielder,32.9
957,1919-1920,Harry Chambers,15,Striker,23.1
958,1919-1920,Tom Miller,11,Striker,29.5
959,1919-1920,Harry Lewis,7,Striker,23.0
960,1919-1920,Dick Forshaw,7,Striker,24.4
961,1919-1920,Fred Pagnam,4,Striker,28.3
962,1919-1920,Albert Pearson,4,Midfielder,27.3
963,1919-1920,Donald Mackinlay,4,Defender,28.5
964,1919-1920,Bill Lacey,3,Half-back,30.3
965,1919-1920,Jackie Sheldon,1,Midfielder,31.9
966,1919-1920,John Bamber,1,Midfielder,24.7
967,1919-1920,Tom Bromilow,1,Defender,25.2
968,1914-1915,Fred Pagnam,24,Striker,23.3
969,1914-1915,Tom Miller,11,Striker,24.5
970,1914-1915,Jackie Sheldon,10,Midfielder,26.9
971,1914-1915,Jimmy Nicholl,9,Striker,28.0
972,1914-1915,Arthur Metcalf,6,Striker,25.7
973,1914-1915,Billy Banks,2,Midfielder,21.1
974,1914-1915,Bill Lacey,2,Midfielder,25.3
975,1914-1915,Donald Mackinlay,1,Defender,23.5
976,1913-1914,Tom Miller,16,Striker,23.5
977,1913-1914,Bill Lacey,6,Midfielder,24.3
978,1913-1914,Jackie Sheldon,5,Midfielder,25.9
979,1913-1914,Billy Banks,4,Midfielder,20.1
980,1913-1914,Jimmy Nicholl,3,Striker,27.0
981,1913-1914,Jimmy Dawson,3,Striker,23.4
982,1913-1914,Tom Gracie,3,Striker,24.6
983,1913-1914,Arthur Metcalf,2,Striker,24.7
984,1913-1914,Bob McDougall,1,Midfielder,20.0
985,1913-1914,Robert Crawford,1,Defender,27.5
986,1913-1914,Jack Parkinson,1,Striker,30.3
987,1913-1914,Donald Mackinlay,1,Defender,22.5
988,1912-1913,Arthur Metcalf,15,Striker,23.7
989,1912-1913,Jack Parkinson,12,Striker,29.3
990,1912-1913,Tom Miller,8,Striker,22.5
991,1912-1913,Arthur Goddard,7,Midfielder,34.6
992,1912-1913,Donald Mackinlay,6,Striker,21.5
993,1912-1913,Bill Lacey,3,Midfielder,23.3
994,1912-1913,Ernest Peake,2,Defender,24.7
995,1912-1913,Bob Ferguson,1,Defender,26.6
996,1912-1913,Tom Gracie,1,Striker,23.6
997,1912-1913,Harry Lowe,1,Defender,26.8
998,1912-1913,Jimmy Stewart,1,Striker,28.0
999,1912-1913,John Tosswill,1,Midfielder,22.4
1000,1912-1913,Henry Welfare,1,Midfielder,24.4
1001,1911-1912,Jack Parkinson,12,Striker,28.3
1002,1911-1912,Sam Gilligan,11,Striker,30.0
1003,1911-1912,John Bovill,7,Striker,25.8
1004,1911-1912,Jimmy Stewart,3,Striker,27.0
1005,1911-1912,Bobby Robinson,2,Defender,32.3
1006,1911-1912,Harold Uren,2,Midfielder,26.4
1007,1911-1912,Arthur Goddard,2,Midfielder,33.6
1008,1911-1912,Tom Gracie,1,Striker,22.6
1009,1911-1912,Jimmy Harrop,1,Defender,27.9
1010,1911-1912,Bill Lacey,1,Midfielder,22.3
1011,1911-1912,Harry Lowe,1,Defender,25.8
1012,1911-1912,John McConnell,1,Defender,21.1
1013,1911-1912,John McDonald,1,Midfielder,26.0
1014,1911-1912,Tom Miller,1,Striker,21.5
1015,1911-1912,Ronald Orr,1,Striker,35.4
1016,1911-1912,James Speakman,1,Midfielder,24.0
1017,1911-1912,William Stuart,1,Midfielder,22.0
1018,1910-1911,Jack Parkinson,19,Striker,27.3
1019,1910-1911,Arthur Goddard,8,Midfielder,32.6
1020,1910-1911,Sam Gilligan,5,Striker,29.0
1021,1910-1911,Ronald Orr,5,Striker,34.4
1022,1910-1911,Sam Bowyer,4,Striker,23.2
1023,1910-1911,Jimmy Stewart,4,Striker,26.0
1024,1910-1911,Ernest Peake,3,Defender,22.7
1025,1910-1911,Joseph Brough,3,Striker,24.2
1026,1910-1911,Jimmy Harrop,1,Defender,26.9
1027,1910-1911,John McDonald,1,Midfielder,25.0
1028,1909-1910,Jack Parkinson,30,Striker,26.3
1029,1909-1910,Jimmy Stewart,18,Striker,25.0
1030,1909-1910,Arthur Goddard,12,Midfielder,31.6
1031,1909-1910,Sam Bowyer,6,Striker,22.2
1032,1909-1910,Ronald Orr,5,Striker,33.4
1033,1909-1910,Joe Hewitt,2,Striker,28.7
1034,1909-1910,John McDonald,2,Midfielder,24.0
1035,1909-1910,Bertram Goode,1,Striker,23.4
1036,1909-1910,Jimmy Harrop,1,Defender,25.9
1037,1909-1910,Bobby Robinson,1,Defender,30.3
1038,1908-1909,Ronald Orr,20,Striker,32.4
1039,1908-1909,Joe Hewitt,12,Striker,27.7
1040,1908-1909,Bobby Robinson,5,Striker,29.3
1041,1908-1909,Arthur Goddard,4,Midfielder,30.6
1042,1908-1909,Sam Bowyer,4,Striker,21.2
1043,1908-1909,Jack Parkinson,3,Striker,25.3
1044,1908-1909,Tom Chorlton,3,Defender,28.0
1045,1908-1909,Jack Cox,2,Midfielder,31.0
1046,1908-1909,Alex Raisbeck,2,Defender,29.0
1047,1908-1909,Jimmy Harrop,1,Defender,24.9
1048,1908-1909,James Bradley,1,Defender,27.7
1049,1907-1908,Joe Hewitt,21,Striker,26.7
1050,1907-1908,Bobby Robinson,9,Striker,28.3
1051,1907-1908,Jack Parkinson,6,Striker,24.3
1052,1907-1908,Charles Hewitt,6,Striker,23.7
1053,1907-1908,Bill McPherson,6,Striker,23.1
1054,1907-1908,Ronald Orr,5,Striker,31.4
1055,1907-1908,Arthur Goddard,4,Midfielder,29.6
1056,1907-1908,James Bradley,3,Defender,26.7
1057,1907-1908,Jack Cox,2,Midfielder,30.0
1058,1907-1908,Harold Fitzpatrick,2,Striker,27.9
1059,1907-1908,Alex Raisbeck,2,Defender,28.0
1060,1907-1908,Percy Saul,1,Defender,27.0
1061,1907-1908,Tom Chorlton,1,Defender,27.0
1062,1906-1907,Sam Raybould,15,Striker,31.6
1063,1906-1907,Bill McPherson,10,Striker,22.1
1064,1906-1907,Bobby Robinson,8,Striker,27.3
1065,1906-1907,Joe Hewitt,8,Striker,25.7
1066,1906-1907,Jack Cox,7,Midfielder,29.0
1067,1906-1907,Jack Parkinson,7,Striker,23.3
1068,1906-1907,Alex Raisbeck,4,Defender,27.0
1069,1906-1907,Arthur Goddard,3,Midfielder,28.6
1070,1906-1907,Bob Blanthorne,1,Striker,23.0
1071,1906-1907,James Bradley,1,Defender,25.7
1072,1905-1906,Joe Hewitt,24,Striker,24.7
1073,1905-1906,Sam Raybould,11,Striker,30.6
1074,1905-1906,Bobby Robinson,10,Striker,26.3
1075,1905-1906,Jack Cox,8,Midfielder,28.0
1076,1905-1906,Jack Parkinson,7,Striker,22.3
1077,1905-1906,Arthur Goddard,6,Midfielder,27.6
1078,1905-1906,John Carlin,6,Striker,30.0
1079,1905-1906,Alf West,3,Defender,24.1
1080,1905-1906,Tom Chorlton,1,Defender,25.0
1081,1905-1906,Maurice Parry,1,Defender,28.2
1082,1905-1906,Alex Raisbeck,1,Defender,26.0
1083,1903-1904,Jack Cox,9,Midfielder,26.0
1084,1903-1904,Arthur Goddard,6,Midfielder,25.6
1085,1903-1904,Jack Parkinson,6,Striker,20.3
1086,1903-1904,Bobby Robinson,5,Striker,24.3
1087,1903-1904,Sam Raybould,4,Striker,28.6
1088,1903-1904,Richard Morris,4,Striker,25.0
1089,1903-1904,George Fleming,4,Defender,34.6
1090,1903-1904,John Hughes,2,Defender,24.0
1091,1903-1904,Joe Hewitt,1,Striker,22.7
1092,1903-1904,Billy Dunlop,1,Defender,29.4
1093,1903-1904,Fred Buck,1,Striker,24.2
1094,1903-1904,John Carlin,1,Striker,28.0
1095,1903-1904,Maurice Parry,1,Defender,26.2
1096,1903-1904,Alex Raisbeck,1,Defender,24.0
1097,1903-1904,Sydney Smith,1,Striker,29.0
1098,1903-1904,Alf West,1,Defender,22.1
1099,1902-1903,Sam Raybould,31,Striker,27.6
1100,1902-1903,Arthur Goddard,11,Midfielder,24.6
1101,1902-1903,Jack Cox,9,Midfielder,25.0
1102,1902-1903,Edgar Chadwick,7,Striker,33.6
1103,1902-1903,George Livingstone,4,Striker,26.7
1104,1902-1903,Charlie Wilson,2,Defender,25.9
1105,1902-1903,Alex Raisbeck,1,Defender,23.0
1106,1902-1903,Bill Goldie,1,Defender,25.0
1107,1902-1903,Thomas Green,1,Striker,19.1
1108,1901-1902,Sam Raybould,16,Striker,26.6
1109,1901-1902,Andy McGuigan,9,Striker,23.9
1110,1901-1902,Tommy Robertson,5,Right-winger,25.0
1111,1901-1902,Jack Cox,4,Midfielder,24.0
1112,1901-1902,Arthur Goddard,2,Midfielder,23.6
1113,1901-1902,Charlie Satterthwaite,2,Striker,24.8
1114,1901-1902,John Hunter,1,Striker,23.8
1115,1901-1902,George Fleming,1,Defender,32.6
1116,1901-1902,Johnny Walker,1,Striker,27.6
1117,1901-1902,Bill White,1,Striker,25.0
1118,1900-1901,Sam Raybould,17,Striker,25.6
1119,1900-1901,Jack Cox,10,Midfielder,23.0
1120,1900-1901,Tommy Robertson,9,Right-winger,24.0
1121,1900-1901,Johnny Walker,6,Striker,26.6
1122,1900-1901,Charlie Satterthwaite,5,Striker,23.8
1123,1900-1901,Andy McGuigan,5,Striker,22.9
1124,1900-1901,John Hunter,3,Striker,22.8
1125,1900-1901,Bill Goldie,2,Defender,23.0
1126,1900-1901,Alex Raisbeck,1,Defender,21.0
1127,1900-1901,Charlie Wilson,1,Defender,23.9
1128,1899-1900,Johnny Walker,10,Striker,25.6
1129,1899-1900,Tommy Robertson,9,Right-winger,23.0
1130,1899-1900,Sam Raybould,7,Striker,24.6
1131,1899-1900,Charlie Satterthwaite,6,Striker,22.8
1132,1899-1900,Jack Cox,5,Midfielder,22.0
1133,1899-1900,John Hunter,5,Striker,21.8
1134,1899-1900,Hugh Morgan,3,Striker,25.4
1135,1899-1900,Alex Raisbeck,3,Defender,20.0
1136,1899-1900,Bill Goldie,1,Defender,22.0
1137,1898-1899,Hugh Morgan,10,Striker,24.4
1138,1898-1899,Johnny Walker,10,Striker,24.6
1139,1898-1899,George Allan,8,Striker,23.4
1140,1898-1899,Tommy Robertson,7,Right-winger,22.0
1141,1898-1899,Jack Cox,5,Midfielder,21.0
1142,1898-1899,Andrew McCowie,5,Striker,24.0
1143,1898-1899,Bill Goldie,2,Defender,21.0
1144,1898-1899,Alex Raisbeck,1,Defender,19.0
1145,1897-1898,Frank Becton,11,Striker,24.2
1146,1897-1898,Andrew McCowie,6,Striker,23.0
1147,1897-1898,Daniel Cunliffe,5,Striker,22.6
1148,1897-1898,Harry Bradshaw,4,Midfielder,24.4
1149,1897-1898,William Walker,3,Striker,26.5
1150,1897-1898,Joe McQue,2,Defender,24.8
1151,1897-1898,Tommy Robertson,2,Right-winger,21.0
1152,1897-1898,Johnny Walker,2,Striker,23.6
1153,1897-1898,Joe Lumsden,2,Midfielder,23.0
1154,1897-1898,Bobby Marshall,2,Midfielder,22.0
1155,1897-1898,John McCartney,2,Defender,28.0
1156,1897-1898,Jack Cox,1,Midfielder,20.0
1157,1897-1898,Patrick Finnerhan,1,Striker,25.9
1158,1897-1898,Fred Geary,1,Striker,30.0
1159,1897-1898,Abraham Hartley,1,Striker,25.9
1160,1897-1898,Hugh Morgan,1,Striker,23.4
1161,1896-1897,George Allan,15,Striker,21.4
1162,1896-1897,Frank Becton,5,Striker,23.2
1163,1896-1897,Malcolm McVean,5,Striker,25.8
1164,1896-1897,Bill Michael,5,Striker,23.0
1165,1896-1897,Harry Bradshaw,4,Midfielder,23.4
1166,1896-1897,David Hannah,2,Striker,29.7
1167,1896-1897,Robert Neill,2,Defender,21.3
1168,1896-1897,Jimmy Ross,2,Striker,30.8
1169,1896-1897,Fred Geary,2,Striker,29.0
1170,1896-1897,Archie Goldie,1,Defender,23.0
1171,1896-1897,John McCartney,1,Defender,27.0
1172,1894-1895,Harry Bradshaw,17,Striker,21.4
1173,1894-1895,Jimmy Ross,12,Striker,28.8
1174,1894-1895,David Hannah,6,Striker,27.7
1175,1894-1895,Malcolm McVean,5,Striker,23.8
1176,1894-1895,Frank Becton,4,Striker,21.2
1177,1894-1895,Neil Kerr,3,Midfielder,23.7
1178,1894-1895,Hugh McQueen,2,Midfielder,27.3
1179,1894-1895,Joe McQue,1,Defender,21.8
1180,1894-1895,Patrick Gordon,1,Midfielder,24.9
